Barcode,IX_annotation
AAACCGGGTAGGTACC-1,tumor
AAACCGTTCGTCCAGG-1,tumor
AAACGAGACGGTTGAT-1,stroma_deserted
AAACTGCTGGCTCCAA-1,stroma_deserted
AAAGACCCAAGTCGCG-1,stroma_deserted
AAAGGCTCTCGCGCCG-1,stroma_deserted
AAAGGGATGTAGCAAG-1,tumor
AAAGGGCAGCTTGAAT-1,stroma_deserted
AAAGTAGCATTGCTCA-1,stroma_deserted
AAAGTGTGATTTATCT-1,stroma_deserted
AAATACCTATAAGCAT-1,stroma_deserted
AAATAGGGTGCTATTG-1,tumor
AAATCGTGTACCACAA-1,tumor
AAATGGTCAATGTGCC-1,stroma_deserted
AAATTAACGGGTAGCT-1,stroma_deserted
AAATTGATAGTCCTTT-1,stroma_deserted
AAATTTGCGGGTGTGG-1,stroma_deserted
AACAACTGGTAGTTGC-1,stroma_deserted
AACAATACATTGTCGA-1,Artifact
AACAATTACTCTACGC-1,tumor
AACACACGCTCGCCGC-1,stroma_deserted
AACAGCTGTGTGGCAA-1,Artifact
AACAGGATGGGCCGCG-1,stroma_deserted
AACCAAGACTTCTCTG-1,tumor
AACCCAGAGACGGAGA-1,stroma_deserted
AACCGAGCTTGGTCAT-1,Artifact
AACCGCTAAGGGATGC-1,stroma_deserted
AACCTTTAAATACGGT-1,tumor
AACGATAATGCCGTAG-1,tumor
AACGCGGTCTCCAGCC-1,tumor
AACGCTGTTGCTGAAA-1,stroma_deserted
AACGGACGTACGTATA-1,stroma_deserted
AACGGCCATCTCCGGT-1,stroma_deserted
AACGTACTGTGGGTAC-1,stroma_deserted
AACGTCAGACTAGTGG-1,stroma_deserted
AACGTGCGAAAGTCTC-1,stroma_deserted
AACTAGGCTTGGGTGT-1,stroma_deserted
AACTCAAGTTAATTGC-1,tumor
AACTCTCAGTGTGCTC-1,stroma_deserted
AACTTGCCCGTATGCA-1,tumor
AAGACCCAACTGAACA-1,Artifact
AAGACTGCAAGCTACT-1,stroma_deserted
AAGAGATGAATCGGTA-1,stroma_deserted
AAGAGCTCTTTATCGG-1,stroma_deserted
AAGAGGATGTACGCGA-1,tumor
AAGAGGCATGGATCGC-1,stroma_deserted
AAGATGGCACCGGACC-1,Artifact
AAGCACCCTGCGTATC-1,Artifact
AAGCATACTCTCCTGA-1,stroma_deserted
AAGCGTCCCTCATCGA-1,stroma_deserted
AAGCTAGATCGAGTAA-1,stroma_deserted
AAGCTCGTGCCAAGTC-1,stroma_deserted
AAGCTCTTTCATGGTG-1,tumor
AAGGAGCGGTTGGTGC-1,tumor
AAGGCGCGTAAAGCTT-1,stroma_deserted
AAGGCTGTGCTCATCG-1,stroma_deserted
AAGGGACTATGCATTC-1,tumor
AAGGTGATAAACCAGC-1,stroma_deserted
AAGTAGAAGACCGGGT-1,stroma_deserted
AAGTAGTGACGCGAGG-1,tumor
AAGTGACGACCGAATT-1,tumor
AAGTGCGTTAGAATCT-1,stroma_deserted
AAGTGTTTGGAGACGG-1,tumor
AAGTTCACTCCAAGCT-1,tumor
AAGTTCGGCCAACAGG-1,stroma_deserted
AATAACAACGCTCGGC-1,tumor
AATAACACTAGAACAA-1,stroma_deserted
AATAGAACAGAGTGGC-1,stroma_deserted
AATAGAATCTGTTTCA-1,stroma_deserted
AATAGTCCGTCCCGAC-1,stroma_deserted
AATATTGGAGTATTGA-1,tumor
AATCATGTAAAGACTC-1,stroma_deserted
AATCCAAGGGCCTGAG-1,stroma_deserted
AATCGCCTCAGCGCCA-1,stroma_deserted
AATGACAGCAATGTCT-1,stroma_deserted
AATGACGTAGGATGTC-1,stroma_deserted
AATGACTGTCAGCCGG-1,tumor
AATGCAACCGGGTACC-1,stroma_deserted
AATGGTCCACCGTTCA-1,tumor
AATGGTTCTCACAAGC-1,stroma_deserted
AATGTGCCCGAGGTGT-1,tumor
AATTAAAGGTCGGCGT-1,stroma_deserted
AATTAACGGATTTCCA-1,stroma_deserted
AATTAGCGCTGCAGCG-1,stroma_deserted
AATTCTAGAGTTAGGC-1,stroma_deserted
AATTGAACGCTCTGGT-1,stroma_deserted
ACAAATCGCACCGAAT-1,tumor
ACAAATGGTAGTGTTT-1,stroma_deserted
ACAACAGCATGAGCTA-1,stroma_deserted
ACAACGGTCCCTGCGA-1,stroma_deserted
ACAAGCAGTGCCTAGC-1,tumor
ACAAGGAAATCCGCCC-1,stroma_deserted
ACAAGGACAAGAGGTT-1,stroma_deserted
ACAAGGGCAGGCTCTG-1,stroma_deserted
ACAATAGTCGTACGTT-1,tumor
ACAATCCATTTAAACC-1,tumor
ACAATGAATACGGAGA-1,stroma_deserted
ACAATTTGAGCAGTGG-1,Artifact
ACACAAAGACGGGTGG-1,stroma_deserted
ACACACCAGGACCAGT-1,stroma_deserted
ACACCCAGCATGCAGC-1,tumor
ACACCCGAGAAATCCG-1,stroma_deserted
ACACCTTAAGTAGGGC-1,stroma_deserted
ACACGAGACTCCTTCT-1,stroma_deserted
ACACGGGAACTTAGGG-1,stroma_deserted
ACACTGATCAAGGTGT-1,stroma_deserted
ACAGGCTTGCCCGACT-1,tumor
ACAGGTGGAGGTGAGG-1,stroma_deserted
ACATAATAAGGCGGTG-1,tumor
ACATCCCGGCCATACG-1,stroma_deserted
ACATCGATCGTTTACC-1,tumor
ACATCGGTCAGCCGCG-1,stroma_deserted
ACATCGTATGCAATGG-1,stroma_deserted
ACATTAGTTTATATCC-1,stroma_deserted
ACCAACGCTTATTTAT-1,acinar_reactive
ACCAAGAACGCGTGTC-1,tumor
ACCAATATGCAAGTTA-1,tumor
ACCACAAGTTTCTATC-1,tumor
ACCACGTGCAGCTATA-1,stroma_deserted
ACCAGTGCGGGAGACG-1,stroma_deserted
ACCATATCCGCAATAA-1,stroma_deserted
ACCATCGTATATGGTA-1,stroma_deserted
ACCCAACGCCCGTGGC-1,Artifact
ACCCACCTACATGCTC-1,stroma_deserted
ACCCATCTTGAGGGTA-1,tumor
ACCCGAGCGAAATTAC-1,Artifact
ACCCGGAAACTCCCAG-1,stroma_deserted
ACCCGGTTACACTTCC-1,stroma_deserted
ACCCGTGTCATCAGTA-1,stroma_deserted
ACCCTATGCCATATCG-1,stroma_deserted
ACCCTCCCTTGCTATT-1,stroma_deserted
ACCGACTGAGTCCCAC-1,tumor
ACCGCAATAACTGCCT-1,stroma_deserted
ACCGTGACCACGTGGG-1,Artifact
ACCTAAGTACCTTTCA-1,stroma_deserted
ACCTAATCGACTTCCT-1,tumor
ACGAAATGGGCGGCAC-1,tumor
ACGATCATACATAGAG-1,tumor
ACGATGCATATGTTAT-1,tumor
ACGCATTCGTGAGTAC-1,stroma_deserted
ACGCCGCTAGACGACC-1,stroma_deserted
ACGCGAAGTCAGACGA-1,stroma_deserted
ACGCGCTACACAGGGT-1,tumor
ACGCGGGCCAAGGACA-1,stroma_deserted
ACGGATGGTGCGGATA-1,tumor
ACGGCACTTGCTTGGG-1,stroma_deserted
ACGGCCAACATGGACT-1,stroma_deserted
ACGGCGACGATGGGAA-1,tumor
ACGGGAGTGTCGGCCC-1,stroma_deserted
ACGTAGATTGCTGATG-1,stroma_deserted
ACGTTAATGTCGAAGA-1,stroma_deserted
ACGTTAGATTTGCCCG-1,tumor
ACGTTCGTTCAGGAAA-1,Artifact
ACTACCAGCTCTCTGG-1,stroma_deserted
ACTACGCGTTAGAATT-1,stroma_deserted
ACTATTTCCGGGCCCA-1,Artifact
ACTCAATAAAGGCACG-1,tumor
ACTCCCTAATGCTAAA-1,tumor
ACTCCCTAGAATAGTA-1,stroma_deserted
ACTCGTCAGTAATCCC-1,stroma_deserted
ACTCTCTGACTTAGGT-1,stroma_deserted
ACTCTTGTATAGTAAC-1,stroma_deserted
ACTGAATGGCGAAAGT-1,stroma_deserted
ACTGTACGATACACAT-1,stroma_deserted
ACTGTAGCACTTTGGA-1,stroma_deserted
ACTGTCCAGGATTATA-1,stroma_deserted
ACTGTCTTCTTTAGAA-1,tumor
ACTTACGCATCCACGC-1,tumor
ACTTATACTTACCCGG-1,stroma_deserted
ACTTATTAGGATCGGT-1,stroma_deserted
ACTTATTTATGTGCCA-1,stroma_deserted
ACTTCAGGCTGATCCC-1,tumor
ACTTCGCCATACGCAC-1,stroma_deserted
ACTTGACTCCCTCTTT-1,stroma_deserted
ACTTGGGACCCGGTGG-1,tumor
ACTTTCCTATAGCTTC-1,tumor
AGAACGTGGTACATTC-1,stroma_deserted
AGAAGAGCGCCGTTCC-1,stroma_deserted
AGAAGGTTGCCGAATT-1,stroma_deserted
AGAAGTGATTCGTGAT-1,stroma_deserted
AGACCATGGGATACAA-1,stroma_deserted
AGACCCACCGCTGATC-1,stroma_deserted
AGACCCGCCCTCCTCG-1,tumor
AGACGACGATGCCGCT-1,stroma_deserted
AGACTAGCCTTCCAGA-1,tumor
AGAGAAGGAGTACAAT-1,stroma_deserted
AGAGCAGTTATGAGAC-1,tumor
AGAGCGTACAAGCTCG-1,stroma_deserted
AGATAACTTCAGGGCC-1,tumor
AGATACCGGTGTTCAC-1,tumor
AGATACGACTTCATAT-1,Artifact
AGATACTCAAGATCGA-1,stroma_deserted
AGATCTCAGGTGTGAT-1,stroma_deserted
AGATGACTCGCCCACG-1,tumor
AGATGCAAGACGTGCA-1,tumor
AGATTATAGGACGTTT-1,tumor
AGCAACATATCTTATT-1,stroma_deserted
AGCACCAGTACTCACG-1,tumor
AGCACTACCTCACCAG-1,tumor
AGCACTTAAGGACGCC-1,stroma_deserted
AGCAGCCAGATGAATA-1,stroma_deserted
AGCATATCAATATGCT-1,stroma_deserted
AGCATCGTCGATAATT-1,tumor
AGCCCATACATGTAAG-1,tumor
AGCCCGGTAGCCTGTA-1,Artifact
AGCGACAGGAACGGTC-1,stroma_deserted
AGCGACCAACGATATT-1,stroma_deserted
AGCGCATAATGAATCG-1,stroma_deserted
AGCGGGAAGGGTCCAT-1,Artifact
AGCGTGGTATTCTACT-1,stroma_deserted
AGCTAACAAGCAATGT-1,Artifact
AGCTCCTTCGCACATC-1,tumor
AGCTCTAGACGTTCCA-1,stroma_deserted
AGCTCTTTACTCAGTT-1,stroma_deserted
AGCTGTAACCTCAATC-1,stroma_deserted
AGCTTGATCTTAACTT-1,tumor
AGGACAGTCGAATCCC-1,stroma_deserted
AGGACATCGCACGTCG-1,stroma_deserted
AGGACGACCCATTAGA-1,stroma_deserted
AGGATAAAGTCGGGAT-1,stroma_deserted
AGGCAGGGAGCGTACT-1,Artifact
AGGCCACCCGTTATGA-1,stroma_deserted
AGGCCCTAGAACGCCA-1,stroma_deserted
AGGCTATGGTTAGCTT-1,stroma_deserted
AGGCTTCCCGAAGAAG-1,tumor
AGGCTTGCTAGACACC-1,Artifact
AGGGACTCTACGCGAC-1,stroma_deserted
AGGGCGTGATCGGCTA-1,stroma_deserted
AGGGCTGCAGTTACAG-1,stroma_deserted
AGGGTTTAGTTCGGGA-1,stroma_deserted
AGGTAACCTCCTATTC-1,stroma_deserted
AGGTAGGTACAAAGCT-1,tumor
AGGTTTCACACACCTT-1,stroma_deserted
AGTACTCTTATGCCCA-1,stroma_deserted
AGTAGGTAACATACAT-1,stroma_deserted
AGTATAATACTAGGCA-1,stroma_deserted
AGTATGCTGGAGACCA-1,tumor
AGTATTTGGCACGACC-1,stroma_deserted
AGTCAACACCACCATC-1,stroma_deserted
AGTCAAGATGACACTT-1,stroma_deserted
AGTCACTAGCTCTCGA-1,Artifact
AGTCGACGGTCTCAAG-1,stroma_deserted
AGTCGGCCCAAACGAC-1,tumor
AGTCGTGGGCATTACG-1,stroma_deserted
AGTCTCACAAGACTAC-1,stroma_deserted
AGTCTTCTCCTCAAAT-1,tumor
AGTGACCTACTTTACG-1,tumor
AGTGAGACTTCCAGTA-1,tumor
AGTGATATGAGTAGTT-1,stroma_deserted
AGTGATTCAAGCAGGA-1,stroma_deserted
AGTGCACGCTTAAGAA-1,stroma_deserted
AGTGCGTAGCTCGTAA-1,stroma_deserted
AGTGCTTGCACGAATA-1,stroma_deserted
AGTTAAACACTTGCGA-1,stroma_deserted
AGTTAAGTCAACCGCT-1,stroma_deserted
AGTTCCTACAGAATTA-1,tumor
AGTTCCTATTTATGTT-1,stroma_deserted
AGTTTGCACCTGCCTC-1,tumor
AGTTTGGCCAGACCTA-1,stroma_deserted
ATAAACGGACCCGTAA-1,stroma_deserted
ATAAAGGCTCGGTCGT-1,tumor
ATAAATATTAGCAGCT-1,tumor
ATAACGCCGGAGGGTC-1,stroma_deserted
ATAAGGTGGAGAACAT-1,stroma_deserted
ATAAGTTACCGCGACG-1,tumor
ATAATAGCTGTTGAAT-1,stroma_deserted
ATAATAGTGTAGGGAC-1,stroma_deserted
ATACAGGCCCTCCAAT-1,tumor
ATACCACGGGCAACTT-1,tumor
ATACCTAACCAAGAAA-1,tumor
ATACGCCGGCGAAACC-1,stroma_deserted
ATACGGAACGTCGTTT-1,tumor
ATACGTACTTAGCCAC-1,stroma_deserted
ATACGTCCACTCCTGT-1,stroma_deserted
ATACTAGCATGACCCT-1,tumor
ATAGACGAAGAGAAAG-1,stroma_deserted
ATAGAGTACTGGGACA-1,stroma_deserted
ATAGGCGGCTATAGAA-1,stroma_deserted
ATAGGTTGGGCAGATG-1,tumor
ATAGTGAAGCGTTCTC-1,stroma_deserted
ATATAAAGCGCTCGTG-1,stroma_deserted
ATATAAATGTAGCTGC-1,tumor
ATATCTTAGGGCCTTC-1,tumor
ATATTCAGTTAAACCT-1,stroma_deserted
ATATTCCACATAGTGA-1,stroma_deserted
ATATTGCTGTCAAAGT-1,stroma_deserted
ATATTTAACCCTCAAG-1,tumor
ATCAAACGAAGGTTTG-1,stroma_deserted
ATCAATCTGGGCTGCA-1,stroma_deserted
ATCACGTGCTAATTAA-1,stroma_deserted
ATCAGACGGCACGCCG-1,tumor
ATCAGCCTCATGCTGC-1,Artifact
ATCATCCAATATTTGT-1,stroma_deserted
ATCCAACGCAGTCATA-1,tumor
ATCCAATGGAGGGTCC-1,stroma_deserted
ATCCAGAGCAACAACC-1,stroma_deserted
ATCCAGGATTCGTGAA-1,stroma_deserted
ATCCTACCTAAGCTCT-1,stroma_deserted
ATCCTGAATCGCTGCG-1,tumor
ATCCTGCGTGGAATGG-1,stroma_deserted
ATCGACCCAATACAGA-1,stroma_deserted
ATCGACTCTTTCCGTT-1,tumor
ATCGCACGCCGGGAGA-1,stroma_deserted
ATCGGAGACAGACGGC-1,tumor
ATCTAATATCCTACGG-1,stroma_deserted
ATCTGGTTAAGACTGT-1,Artifact
ATCTTGACCTGCAACG-1,stroma_deserted
ATGAAGCCAAGGAGCC-1,tumor
ATGACGCGTTCTATCC-1,stroma_deserted
ATGACTATGCGACATT-1,stroma_deserted
ATGAGGAGTGTTAATC-1,stroma_deserted
ATGATGCAATGGTACA-1,tumor
ATGCACTACCGCATTG-1,stroma_deserted
ATGCATGATCCAGGAT-1,stroma_deserted
ATGCCATTTGCGACCA-1,stroma_deserted
ATGCCGGTCTTGCATA-1,stroma_deserted
ATGCGACAGTCCCATT-1,stroma_deserted
ATGCTCAGTGTTGCAT-1,stroma_deserted
ATGGAGCAGGCCGTGA-1,stroma_deserted
ATGGATTGACCAAACG-1,tumor
ATGGGACCTGCTGAAC-1,Artifact
ATGGGCCTCGGCCTCT-1,stroma_deserted
ATGGTCGCGTGGTTTC-1,stroma_deserted
ATGTGCATCCGACGCA-1,stroma_deserted
ATGTGGACATCTTGAT-1,stroma_deserted
ATTAAACATGCGGACC-1,stroma_deserted
ATTAATACTACGCGGG-1,tumor
ATTACGCGCTGGCAGG-1,tumor
ATTACTAGCCTCTTGC-1,stroma_deserted
ATTAGATTGATAGCGG-1,tumor
ATTAGGCGATGCTTTC-1,stroma_deserted
ATTATGCCATAGGGAG-1,tumor
ATTATTATGTCCGTCA-1,Artifact
ATTCACTGATGTTGGA-1,tumor
ATTCAGTAGCAGGGTC-1,tumor
ATTCATATACTGTCCA-1,
ATTCCCACATAAACAA-1,tumor
ATTCCTCCGCCAGTGC-1,stroma_deserted
ATTCGACGCCGGGCCT-1,tumor
ATTGAAGATCTTAGTG-1,tumor
ATTGCTGCTCCTCCAT-1,stroma_deserted
ATTTAACTCGTATTAC-1,stroma_deserted
ATTTACAGTTTACTGG-1,stroma_deserted
ATTTCCGGGTTCTGCG-1,stroma_deserted
ATTTGCGCGAGTAGCT-1,stroma_deserted
ATTTGTCTTGGGAGCT-1,stroma_deserted
CAAACGAGTATCGCAG-1,tumor
CAAACGGTCGCACTTT-1,stroma_deserted
CAAAGATTATTGGGCC-1,stroma_deserted
CAAATCTCTCACAAGG-1,stroma_deserted
CAAATGTCCTTCCGTG-1,tumor
CAACGACCCGTTTACA-1,tumor
CAACGGTTCTTGATAC-1,stroma_deserted
CAACTCCTTGATCCCG-1,tumor
CAACTGCTCATCCGAT-1,stroma_deserted
CAAGAGGGCGGAGTAC-1,stroma_deserted
CAAGATATTATAACGT-1,stroma_deserted
CAAGCAACGTCGGAGT-1,stroma_deserted
CAAGCGGCACATAATT-1,stroma_deserted
CAAGGATCGCATGTTC-1,tumor
CAAGTGAACTTTGGTT-1,Artifact
CAATAAACCTTGGCCC-1,Artifact
CAATATTCTTGACCTA-1,stroma_deserted
CAATGCGAGAAGTATC-1,tumor
CAATGGTCGGCCTGGG-1,Artifact
CAATTAAGGGTGATGA-1,tumor
CAATTTCGTATAAGGG-1,stroma_deserted
CACAATGAGCTGCTAT-1,stroma_deserted
CACACAGGGATAGATT-1,stroma_deserted
CACAGCACCCACGGCA-1,tumor
CACAGCTAGGGAGTGA-1,tumor
CACATATTAGCAGGAT-1,stroma_deserted
CACATCGTGCACGCGC-1,Artifact
CACATCTCACCGACGA-1,tumor
CACATGATTCAGCAAC-1,stroma_deserted
CACCCACACGTCACCC-1,stroma_deserted
CACCCGGTTTGTGACT-1,stroma_deserted
CACCCTAACAAGATCT-1,tumor
CACCGCCAGAAGGTTT-1,tumor
CACCGTTAGGGATCAC-1,stroma_deserted
CACCGTTGCGCGATAT-1,stroma_deserted
CACGAAAGTTAGTCCC-1,tumor
CACGCAGCGAGGCTTT-1,stroma_deserted
CACGTCGGCAACCTCT-1,stroma_deserted
CACGTTCGTGCTCTAG-1,stroma_deserted
CACGTTTCGTACACAC-1,stroma_deserted
CACTAAAGTTGCCTAT-1,stroma_deserted
CACTCAAGAGCTATGG-1,stroma_deserted
CACTCCTATGTAAGAT-1,stroma_deserted
CACTCGAGCTGAACAA-1,stroma_deserted
CACTGTCCAAGTGAGA-1,stroma_deserted
CACTTAATCAGACGGA-1,stroma_deserted
CACTTCGCCACAGGCT-1,stroma_deserted
CAGAACTTAGCCCTCT-1,tumor
CAGACACCGATCGCTG-1,acinar_reactive
CAGACGAACCTGATAC-1,stroma_deserted
CAGAGACGGTCACCCA-1,stroma_deserted
CAGAGCATGAGCTTGC-1,tumor
CAGAGGCGATGCATGA-1,acinar_reactive
CAGATACTAACATAGT-1,tumor
CAGCAGCCCGTTCCTT-1,stroma_deserted
CAGCGATTCCCTTCAA-1,stroma_deserted
CAGCTCACTGAGACAT-1,stroma_deserted
CAGCTCGTGCTTGTGT-1,stroma_deserted
CAGCTTAGTAGGTAGC-1,tumor
CAGGATATATCGTTGT-1,stroma_deserted
CAGGCCGTTTGGGTGT-1,tumor
CAGGCGCACGGTGGTC-1,tumor
CAGGCGCCATGCTAGG-1,stroma_deserted
CAGTAATCCCTCCCAG-1,stroma_deserted
CAGTCTGTATACTGGG-1,stroma_deserted
CAGTGTCCGCAGAATG-1,stroma_deserted
CAGTGTCGGCTGGCCC-1,tumor
CAGTTCAAATTGACAC-1,tumor
CAGTTCCGCGGGTCGA-1,stroma_deserted
CATAAGAAGCTTGGCT-1,stroma_deserted
CATACAAAGCCGAACC-1,Artifact
CATACCCGTACCCAGT-1,tumor
CATACGGCGTCTGGGC-1,tumor
CATACTATGTAATTGT-1,stroma_deserted
CATAGCCGCCCGGGAT-1,tumor
CATAGCGTTGCCCACC-1,stroma_deserted
CATAGTAGCATAGTAG-1,stroma_deserted
CATAGTCCACAAGAAC-1,stroma_deserted
CATATAGGTACAGTCA-1,tumor
CATATGTCAGGCTACG-1,Artifact
CATCATTACCCTGAGG-1,stroma_deserted
CATCCTCTCAAAGATC-1,stroma_deserted
CATCGCCCGCGGCCAA-1,stroma_deserted
CATCGGACGGGTTAAT-1,tumor
CATGAACCGACATTTG-1,stroma_deserted
CATGCCAACTCGCAAA-1,tumor
CATGGGTATGCCTTAT-1,tumor
CATGGTAAGTAGCGTT-1,stroma_deserted
CATGGTCTAGATACCG-1,stroma_deserted
CATGTAAGAGACATTT-1,tumor
CATGTCTCATTTATGG-1,tumor
CATTATGCTTGTTGTG-1,stroma_deserted
CATTTGAGTGGTACGT-1,stroma_deserted
CCAAACAGAACCCTCG-1,tumor
CCAACGATGCACTGAT-1,stroma_deserted
CCAAGAAAGTGGGCGA-1,stroma_deserted
CCAAGACTTCTGCGAA-1,tumor
CCAAGCGTAACTCGTA-1,stroma_deserted
CCAAGGAACAGAGAGG-1,stroma_deserted
CCAATAGTGCCGTCGA-1,stroma_deserted
CCAATGTCACAGCAAG-1,stroma_deserted
CCAATTGAATGTTAAT-1,stroma_deserted
CCACAATGTACGTCTT-1,Artifact
CCACACTGAGATATTA-1,stroma_deserted
CCACAGTACCCATCCT-1,stroma_deserted
CCACCAACTTTACTGT-1,stroma_deserted
CCACCCAAGGAAAGTG-1,stroma_deserted
CCACGGAGCCATAAGA-1,stroma_deserted
CCACTGGTGGCTGGTT-1,tumor
CCAGAAAGCAACTCAT-1,stroma_deserted
CCAGATAGTTGAGTGA-1,Artifact
CCAGCCTGGACCAATA-1,stroma_deserted
CCAGCTGATGGTACTT-1,tumor
CCAGCTTCCGCCCGCA-1,tumor
CCAGGGACGTGGCCTC-1,tumor
CCAGTCTTGTCATAGA-1,stroma_deserted
CCATCCATACCAAGTC-1,stroma_deserted
CCATCGCAGTTAAACT-1,stroma_deserted
CCATGCCTGTTTAGTA-1,tumor
CCATGCTCTGCAGGAA-1,stroma_deserted
CCATGGCCCTTGTACC-1,tumor
CCATTAGCGATAATCC-1,stroma_deserted
CCATTCCCTGCCCACA-1,stroma_deserted
CCATTTCTACCTATTA-1,tumor
CCCAAACATGCTGCTC-1,tumor
CCCAACATACGTCGCG-1,stroma_deserted
CCCAATGAGATTTGCA-1,Artifact
CCCAATTTCACAACTT-1,tumor
CCCAGTTAAGGCGCCG-1,stroma_deserted
CCCGCAGCGCGAACTA-1,stroma_deserted
CCCGCCATGCTCCCGT-1,stroma_deserted
CCCGGTGGAAGAACCT-1,Artifact
CCCGTAAGTCTAGGCC-1,tumor
CCCGTAGCTGGGAAGA-1,stroma_deserted
CCCGTCAGCGTCTGAC-1,tumor
CCCTATGTAGAGCAGA-1,tumor
CCCTCATTCTGGAATT-1,stroma_deserted
CCCTGAAATGAGTTGA-1,stroma_deserted
CCCTGCCCAATCCGCT-1,tumor
CCCTGCGCTACGCATA-1,tumor
CCCTTTGACAGGTCTT-1,stroma_deserted
CCGAACCTTCCCGGCC-1,stroma_deserted
CCGACAAAGGGAGTGC-1,tumor
CCGACGGGCATGAGGT-1,tumor
CCGATTCGAGGGACCC-1,tumor
CCGCACAAAGACCAAC-1,stroma_deserted
CCGCACGTGACCTCGG-1,tumor
CCGCATGTGGTACGAT-1,stroma_deserted
CCGCGGAATGCGTCAC-1,stroma_deserted
CCGCGGGTACGAAGAA-1,tumor
CCGCGTAGGTAAGGGC-1,tumor
CCGCTATCAGCACCAG-1,stroma_deserted
CCGCTTACCTCACTCT-1,stroma_deserted
CCGGAATGGTTTCAGT-1,stroma_deserted
CCGGAGCGTACTTTCT-1,stroma_deserted
CCGGGCGGTCTCGTCA-1,stroma_deserted
CCGGGCTGCTCCATAC-1,tumor
CCGGGTTCGAGGTTAC-1,tumor
CCGGTTTGTAATTGTG-1,stroma_deserted
CCGTAAGTTGGTCCCA-1,stroma_deserted
CCGTATCTCGTCGTAG-1,stroma_deserted
CCGTGCCCATGACGGC-1,stroma_deserted
CCGTGTTAAATTCCAT-1,stroma_deserted
CCGTTCCGAATCTCGG-1,tumor
CCTAAATTAACGGTTC-1,stroma_deserted
CCTAACCCAAACAAGT-1,tumor
CCTACATTCACAGACG-1,stroma_deserted
CCTACGGCTCAGTCGA-1,Artifact
CCTACTGCTTACACTT-1,tumor
CCTAGGCGTAGCGATC-1,tumor
CCTATAATGAGTGCCC-1,tumor
CCTATACCGTCCTGTC-1,stroma_deserted
CCTATGGCTCCTAGTG-1,Artifact
CCTATGGGTTACCGTC-1,tumor
CCTCACCAATCTTGAC-1,stroma_deserted
CCTCCGACAATTCAAG-1,tumor
CCTCGCGCTGTGCGAT-1,stroma_deserted
CCTCGGACCGGGATAG-1,stroma_deserted
CCTCTATCGATTAGCA-1,stroma_deserted
CCTCTCTCCCATCTAG-1,stroma_deserted
CCTCTGTACTATTCTA-1,stroma_deserted
CCTGAACGATATATTC-1,stroma_deserted
CCTGACCACCGATGGT-1,stroma_deserted
CCTGCTATTTGAGAAG-1,stroma_deserted
CCTGGCTAGACCCGCC-1,stroma_deserted
CCTGGTCGAATGTGGG-1,stroma_deserted
CCTGTAAGACATGATA-1,tumor
CCTGTACTCACGCCCA-1,tumor
CCTGTCACCCGGGCTC-1,tumor
CCTGTCGCCCGTAAAT-1,stroma_deserted
CCTTCAGTTAAAGTGA-1,Artifact
CCTTTAAGGGAGCACT-1,stroma_deserted
CGAAACGCAATTCATG-1,tumor
CGAACAGTATGGGCGT-1,stroma_deserted
CGAACCCGCATGCGTC-1,stroma_deserted
CGAAGTTGCTCTGTGT-1,stroma_deserted
CGACAATTTGATCTAA-1,Artifact
CGACACGCTCCGACAG-1,stroma_deserted
CGACAGTTCGCGTTAT-1,tumor
CGAGACCCTAGAGTGT-1,tumor
CGAGAGATGTGAACCT-1,stroma_deserted
CGAGCACTTCAAGTTT-1,stroma_deserted
CGAGCGTTGATCAGCC-1,stroma_deserted
CGAGGCTAAATATGGC-1,stroma_deserted
CGAGGGACTGCGGTCG-1,stroma_deserted
CGAGTACTAAAGAGGA-1,stroma_deserted
CGAGTGAAGGTACCAG-1,tumor
CGAGTTCTGTCCCACC-1,Artifact
CGATACCTCGCGGACA-1,stroma_deserted
CGATCCGACCCAGTGC-1,tumor
CGATCTGTTGGAGGAC-1,stroma_deserted
CGATTAAATATCTCCT-1,stroma_deserted
CGATTCGCCTGGCTGC-1,tumor
CGCAAACACGAGTTAC-1,stroma_deserted
CGCAATTACTTTCGGT-1,tumor
CGCAATTAGGGTAATA-1,stroma_deserted
CGCAATTCTACAATAA-1,stroma_deserted
CGCACATGTCCACTAC-1,stroma_deserted
CGCATGGTGCGATGCT-1,stroma_deserted
CGCATTAGCTAATAGG-1,tumor
CGCCCAGCACGCCTAG-1,stroma_deserted
CGCCGCCCATGCCTGT-1,stroma_deserted
CGCCTCCCTCCTCTAT-1,stroma_deserted
CGCCTGGCCTACGTAA-1,tumor
CGCGCAAATGTCCAGA-1,tumor
CGCGCATGTTTGATTG-1,stroma_deserted
CGCGGGAATTAGGCAG-1,Artifact
CGCGTTCATGAAATAC-1,tumor
CGCTACGGGACATTTA-1,stroma_deserted
CGCTATACCGCCCACT-1,Artifact
CGCTATTCAATGTATG-1,stroma_deserted
CGCTATTCTTAGGCTC-1,stroma_deserted
CGCTCGACATAATGAT-1,stroma_deserted
CGCTCTCCGTAGATTA-1,stroma_deserted
CGCTGTGACGCCGCAC-1,stroma_deserted
CGCTGTGTGGATGTTG-1,Artifact
CGCTTATTCCCGGTCG-1,stroma_deserted
CGCTTCCACTGAAATC-1,stroma_deserted
CGCTTTCATACCGGTG-1,stroma_deserted
CGCTTTCTTGCATTCG-1,stroma_deserted
CGGAAAGAATCAAACG-1,stroma_deserted
CGGAACGTAAACATAG-1,stroma_deserted
CGGAGCAATTTAATCG-1,stroma_deserted
CGGAGCATGGCGATCC-1,tumor
CGGAGTTTGAGAGACA-1,stroma_deserted
CGGCAAACATCGTGCG-1,stroma_deserted
CGGCCACGCACAAAGT-1,tumor
CGGGAATTTATGTAAA-1,stroma_deserted
CGGGAGCTTCAGTGTA-1,stroma_deserted
CGGGATCAATGTAAGA-1,tumor
CGGGCAGCTAAACCGC-1,tumor
CGGGCCTTCTTTGTAA-1,tumor
CGGGTGTACCCATTTA-1,stroma_deserted
CGGTACTAGAATCAAA-1,stroma_deserted
CGGTGAAGACTAAAGT-1,tumor
CGGTGCAGATAGAACG-1,stroma_deserted
CGGTGCGCGTTGGTCC-1,stroma_deserted
CGGTGTACTTGATCCC-1,stroma_deserted
CGGTTGACCTGGCATA-1,tumor
CGTAGCGCCGACGTTG-1,Artifact
CGTATTAAGAGATCTA-1,tumor
CGTCACGTCCATTGGT-1,tumor
CGTCGTCCTTCGCGAA-1,tumor
CGTGAAGTTAATTCAC-1,stroma_deserted
CGTGCAGACTGGGACA-1,stroma_deserted
CGTGCATTGTCGACGC-1,tumor
CGTGCCCTCCCGAAGA-1,stroma_deserted
CGTGCTTCTACCTAAA-1,Artifact
CGTGTCCCATTCGCGA-1,stroma_deserted
CGTGTCTCGTTACGAC-1,Artifact
CGTTGAATACCGCGCT-1,tumor
CGTTGAGCGACCGTCG-1,stroma_deserted
CGTTGTTTCAATTCCC-1,stroma_deserted
CGTTTCGCTCATTACA-1,stroma_deserted
CGTTTGTGTAGAGGGT-1,stroma_deserted
CTAAAGAATGCCTACT-1,tumor
CTAAAGGGAAATAGGA-1,stroma_deserted
CTAAATCCGGTGTACA-1,Artifact
CTAACCGCGCGCCCGT-1,tumor
CTAACTGGTCCGGTTC-1,stroma_deserted
CTAAGGGAATGATTGG-1,stroma_deserted
CTAATTCGCACGCGCT-1,stroma_deserted
CTAATTTCAACAACAC-1,tumor
CTACAAGAAATAACCC-1,stroma_deserted
CTACGACTAGCTATAA-1,tumor
CTACGCACGGAGTACC-1,tumor
CTACTATCATAGGTTT-1,tumor
CTACTCAAGGTATAGT-1,Artifact
CTACTCTAGGCCCGGC-1,tumor
CTACTGCCACCTGACC-1,tumor
CTAGATTTACGACGGC-1,stroma_deserted
CTAGCATAGTATAATG-1,stroma_deserted
CTAGGCGCCCTATCAG-1,tumor
CTAGGTTCGGACGTGA-1,stroma_deserted
CTAGTCACGTCTTAAG-1,stroma_deserted
CTAGTGAAGGACAGGA-1,stroma_deserted
CTAGTTACAACCCGGT-1,stroma_deserted
CTAGTTGGGCCCGGTA-1,stroma_deserted
CTATCGACGAAATACA-1,stroma_deserted
CTATCGGGTCTCAACA-1,stroma_deserted
CTATGTCACTAGCCCA-1,stroma_deserted
CTATTCATGTGTCCCA-1,stroma_deserted
CTATTTGGTTACGGAT-1,stroma_deserted
CTCACTTGGCTGGTAA-1,tumor
CTCATGGTAATTTGCG-1,stroma_deserted
CTCATTTGATGGGCGG-1,tumor
CTCCGCCCACATGAGG-1,stroma_deserted
CTCCGGCCTAATATGC-1,tumor
CTCGAGGTCGAACAGT-1,tumor
CTCGCACCTATATAGT-1,tumor
CTCGCCGAATGTAGGG-1,stroma_deserted
CTCGGGTTCTCTGGCC-1,Artifact
CTCGGTACCACTGCTC-1,stroma_deserted
CTCGGTCCGTAGCCTG-1,stroma_deserted
CTCGGTTGTCGGCCCT-1,tumor
CTCTATTTGGCTGCAG-1,stroma_deserted
CTCTCACAATCGATGA-1,stroma_deserted
CTCTCTAACTGCCTAG-1,tumor
CTCTGGACGCCTGGTG-1,stroma_deserted
CTCTTGTCCCGCTTGG-1,stroma_deserted
CTGAATCCGAGACCTC-1,tumor
CTGCACAACTACATAT-1,stroma_deserted
CTGCACCTGGAACCGC-1,stroma_deserted
CTGCACTCCAGTACAG-1,tumor
CTGCCATGCATCACAT-1,tumor
CTGCGGGTGAAATGTT-1,tumor
CTGCTGAGGCCACGAA-1,stroma_deserted
CTGCTTGGCGATAGCT-1,tumor
CTGGAAATGGATGCTT-1,tumor
CTGGAAGACACGGTGG-1,tumor
CTGGATTTACACTTGA-1,stroma_deserted
CTGGCATCCGAATGAG-1,stroma_deserted
CTGGCGCACAGGTCTG-1,stroma_deserted
CTGGCTGGTTGTCAGT-1,stroma_deserted
CTGGGATAAATAATGG-1,stroma_deserted
CTGGGCCTGCTATATC-1,stroma_deserted
CTGGGTAGGCAGTTAA-1,stroma_deserted
CTGGTAACACATAGAA-1,stroma_deserted
CTGGTTTCGAGCAAGA-1,stroma_deserted
CTGTACTTCTTAGCAT-1,stroma_deserted
CTGTAGCCATCTCACT-1,stroma_deserted
CTGTATGGTGTAGAAA-1,stroma_deserted
CTGTGCAGGGTAGGTC-1,stroma_deserted
CTGTGGTCGGGAGATA-1,tumor
CTGTTACCCAATCTAG-1,stroma_deserted
CTGTTCACTGCCTGTG-1,tumor
CTGTTCATCTCACGGG-1,stroma_deserted
CTTACACGGTATTCCA-1,tumor
CTTACACTGGGAAATA-1,stroma_deserted
CTTCATAGCTCAAGAA-1,stroma_deserted
CTTCATTGTCAGTGGA-1,tumor
CTTCCGCTCCGTGAAG-1,stroma_deserted
CTTCGTAGATAGGTGA-1,stroma_deserted
CTTCTATGTTGAAGTA-1,stroma_deserted
CTTCTATTAATGCTAG-1,stroma_deserted
CTTGAGTTAGGGTAAT-1,stroma_deserted
CTTGCAACCGCCTCCT-1,stroma_deserted
CTTGCCCAGGCTCTAC-1,tumor
CTTGTACTTGTTGACT-1,tumor
CTTGTCAACATTCGAG-1,stroma_deserted
CTTGTTGCTGAGTCAA-1,stroma_deserted
CTTGTTTATGTAGCCA-1,Artifact
CTTTAACTTTCAAAGG-1,tumor
CTTTAATATTGGTCGA-1,stroma_deserted
CTTTACCGAATAGTAG-1,tumor
CTTTAGGAACACTGTT-1,stroma_deserted
CTTTAGTGCTATTATT-1,stroma_deserted
CTTTCTGTGCGGGCTT-1,stroma_deserted
CTTTGGCTTTAGTAAA-1,stroma_deserted
GAAACAGATGACCACC-1,stroma_deserted
GAAACCGAATTACCTT-1,tumor
GAAACCTATACAAATG-1,Artifact
GAAACTCGTGCGATGC-1,tumor
GAAAGCAGTGCACTTT-1,stroma_deserted
GAAAGCCCTTTGGACC-1,tumor
GAAAGTGACTAACTGC-1,stroma_deserted
GAAATATCACCATCAG-1,tumor
GAAATGGCGGTGTTAG-1,tumor
GAAATTCACATCGCTG-1,stroma_deserted
GAAATTGTCTCTATAA-1,tumor
GAACACACATCAACCA-1,tumor
GAACAGATTACTAAAT-1,tumor
GAACCCTCTGTGTTCT-1,stroma_deserted
GAACGTCTCATGGTCG-1,Artifact
GAAGAAACGATATTGT-1,tumor
GAAGAACGGTGCAGGT-1,stroma_deserted
GAAGCGTGAGGAATTT-1,tumor
GAAGCTTGCTGACCGC-1,stroma_deserted
GAAGTCAGTTGCACTA-1,stroma_deserted
GAAGTCTCCCTAGCGA-1,stroma_deserted
GAAGTGATTTATCGTG-1,stroma_deserted
GAAGTTTCCACTCAAT-1,tumor
GAATAGACGCGACCCA-1,stroma_deserted
GAATAGTGCTCGATTA-1,Artifact
GAATCGACATGGTCAC-1,stroma_deserted
GAATCGCCGGACACGG-1,Artifact
GAATCTGAACATTCTC-1,tumor
GAATGTGGTCCGGATT-1,stroma_deserted
GAATTATAGTGAAAGG-1,stroma_deserted
GAATTCACCCGGGTGT-1,stroma_deserted
GAATTTCTCGCTGCAG-1,stroma_deserted
GACAACGCAGCTTACG-1,tumor
GACACAAGGGAAGAAA-1,stroma_deserted
GACACGAGTTAGAGGA-1,Artifact
GACACTGAGTTCAGTG-1,tumor
GACAGCCAGACCTGAC-1,stroma_deserted
GACAGGCACACACTAT-1,tumor
GACATCGATTTATAAC-1,stroma_deserted
GACCAGAGCCCTGTAG-1,tumor
GACCGTCAGGTCGTGA-1,
GACCGTGCTGACGGTG-1,stroma_deserted
GACGACGATCCGCGTT-1,stroma_deserted
GACGCCGTAAAGGCTA-1,stroma_deserted
GACGCTTGCTTCTAAA-1,tumor
GACGGGTTGGCCCGTA-1,Artifact
GACGTGTAGGGATTAT-1,stroma_deserted
GACTAAGATCATGCAC-1,tumor
GACTAAGTAGGCTCAC-1,stroma_deserted
GACTGCAAATCGAGCT-1,tumor
GACTGCACCAGCCCAG-1,stroma_deserted
GAGACTGATGGGTAGA-1,tumor
GAGACTTCGCGACCGA-1,stroma_deserted
GAGAGGGCGCGAGGTT-1,tumor
GAGAGGTGCATTCTGG-1,stroma_deserted
GAGATCTGCTTGGCAT-1,stroma_deserted
GAGATCTGTCACTCCG-1,stroma_deserted
GAGATCTTCCATGACA-1,stroma_deserted
GAGATGGGAGTCGACA-1,stroma_deserted
GAGCACCTGTGTCCAG-1,tumor
GAGCATCATCCCTGGG-1,Artifact
GAGCCACGGTAGTAGG-1,stroma_deserted
GAGCCAGCTACCTGTG-1,tumor
GAGCGCGCACGAGTAG-1,stroma_deserted
GAGCGCTGTTAGGTAA-1,Artifact
GAGCTAAGGGCATATC-1,Artifact
GAGCTCTCGGACCTAA-1,Artifact
GAGGAATGGAGAGGTT-1,stroma_deserted
GAGGCCCGACTCCGCA-1,tumor
GAGGCTATCAAAGTCG-1,tumor
GAGTACGGGTATACAA-1,stroma_deserted
GAGTATGCCCGCCTTG-1,tumor
GAGTCAGACCAGAATC-1,stroma_deserted
GAGTCCGCTTACCGGA-1,stroma_deserted
GAGTGTGCGGTACCCA-1,stroma_deserted
GATAAATCGGTGGATG-1,stroma_deserted
GATAACTCGCACTGTG-1,stroma_deserted
GATACGATGGGAGTCA-1,tumor
GATAGGTAACGTTGAC-1,stroma_deserted
GATATGAGACACTAAC-1,stroma_deserted
GATATGGATTACGCGG-1,tumor
GATCAACATAAAGGGA-1,Artifact
GATCATTCCAAACATT-1,tumor
GATCCCTTTATACTGC-1,tumor
GATCCGGGAATTAACA-1,stroma_deserted
GATCCTCGACACTGGC-1,stroma_deserted
GATCGACACTATCTGA-1,tumor
GATCGCGGGCTCTCCA-1,stroma_deserted
GATCGCTATATCTCAG-1,Artifact
GATCGGTGGCCATAAC-1,tumor
GATCGTGACTGATATC-1,stroma_deserted
GATCTTGGAGGGCATA-1,stroma_deserted
GATCTTTGCAGGGTAT-1,tumor
GATGACAAGTAGGGCA-1,stroma_deserted
GATGCGTCCTGCATTC-1,stroma_deserted
GATGCTACAAGCGCCT-1,tumor
GATGCTGTATTTCATC-1,stroma_deserted
GATGGCGCACACATTA-1,stroma_deserted
GATGTTCAATCCACGA-1,stroma_deserted
GATGTTTGTGCGAGAT-1,stroma_deserted
GATTAACCGAAAGCCC-1,stroma_deserted
GATTACTGAATTTGGG-1,stroma_deserted
GATTCCCTTGTCGCAG-1,tumor
GATTCCTATACGGCGC-1,stroma_deserted
GATTCGACGGTTCACG-1,stroma_deserted
GCAAACCCTACATTAT-1,stroma_deserted
GCAAACCTTGGCCATA-1,tumor
GCAAATATTACGCTTT-1,stroma_deserted
GCAACCACGGCCGCGT-1,stroma_deserted
GCAAGAATTCCTTGGC-1,stroma_deserted
GCAAGTGCACAGAGAA-1,stroma_deserted
GCACACACTGGTAGCC-1,Artifact
GCACGCCTACTTAGAT-1,stroma_deserted
GCACTAGTCGCGCTAT-1,stroma_deserted
GCAGATCCATAAGACT-1,tumor
GCAGATTAGGGATATC-1,stroma_deserted
GCAGCACACAGCCCAG-1,tumor
GCAGGACTATAGAATA-1,tumor
GCATAGAGCACTCAGG-1,stroma_deserted
GCATCCCTAACTTTGA-1,stroma_deserted
GCATTGTAATTCATAT-1,tumor
GCCACAATTTAAGGAC-1,stroma_deserted
GCCATCGAGCTGCGTG-1,stroma_deserted
GCCCACCAAGGCTGTC-1,Artifact
GCCCAGTTGGTATGCC-1,stroma_deserted
GCCCGACTTCTTCCCG-1,stroma_deserted
GCCCGATCTGTGGTCG-1,stroma_deserted
GCCCGCGCGTAAACGG-1,stroma_deserted
GCCCGCGCGTTTGACA-1,stroma_deserted
GCCCGTAATACCTTCT-1,Artifact
GCCGAAATTCCTACGT-1,stroma_deserted
GCCGACCCACGACTGC-1,Artifact
GCCGATTGGCCAAGCT-1,stroma_deserted
GCCGCTTGTGAGAAAC-1,tumor
GCCGGGTTAGGGTCGC-1,stroma_deserted
GCCTAGCGATCTGACC-1,stroma_deserted
GCCTATTCCGATATAG-1,stroma_deserted
GCCTATTTGCTACACA-1,stroma_deserted
GCCTCTATACATAGCA-1,stroma_deserted
GCCTTCAGCCCTACCG-1,tumor
GCGAAACTTAACTGGA-1,stroma_deserted
GCGAAGCCATACCCGT-1,tumor
GCGACCCAACCATCTG-1,Artifact
GCGACGATAGTTGTAC-1,stroma_deserted
GCGAGGCCCGAGCAGA-1,tumor
GCGAGTTCTGCAAAGA-1,stroma_deserted
GCGATTGTTAACGTTA-1,stroma_deserted
GCGCAAATATATTCAA-1,tumor
GCGCCGTTCCACGATA-1,stroma_deserted
GCGCGTCATTGGTACA-1,tumor
GCGCTAATTGAATAGA-1,stroma_deserted
GCGCTATGCCGAGGCA-1,stroma_deserted
GCGCTTAAATAATTGG-1,Artifact
GCGGACCGCGTTGTGG-1,tumor
GCGGAGAAACTTCGCA-1,stroma_deserted
GCGGAGAGGGAGAACG-1,stroma_deserted
GCGGCAAAGTATTGCC-1,tumor
GCGGCTCTGACGTACC-1,tumor
GCGGGAACCAGGCCCT-1,stroma_deserted
GCGGGCGAGCCTTACC-1,stroma_deserted
GCGGTCCCTAGACGCA-1,stroma_deserted
GCGGTTCCCTATCATG-1,tumor
GCGTCGCCAGGGTGAT-1,stroma_deserted
GCGTCTCTGCATTGGG-1,tumor
GCTAAACCTGAGGTGA-1,Artifact
GCTAAGTAGTTTCTCT-1,stroma_deserted
GCTAATACCGAATGCC-1,tumor
GCTACGACTTATTGGG-1,stroma_deserted
GCTACTATAGTAGAGT-1,stroma_deserted
GCTAGAGTAGAGATGT-1,Artifact
GCTAGCTTGAATAGCT-1,tumor
GCTAGGCACCACGGAG-1,tumor
GCTAGTAGAGCTTGTA-1,stroma_deserted
GCTAGTTTCATTGAGG-1,stroma_deserted
GCTATACGTCTCGGAC-1,tumor
GCTATCATACTCATGG-1,stroma_deserted
GCTATCGCGGCGCAAC-1,Artifact
GCTCAATCCGTTTATT-1,stroma_deserted
GCTCCTGACATACTGG-1,stroma_deserted
GCTCTAAACCCTGACG-1,stroma_deserted
GCTCTATGTTACGTGC-1,stroma_deserted
GCTCTCGGGTACCGAA-1,tumor
GCTGAATCTTCCAATC-1,tumor
GCTGAGGCGTGAGTAT-1,stroma_deserted
GCTGCACGGTTTCTTA-1,stroma_deserted
GCTGCTAAGTAGTCGA-1,stroma_deserted
GCTGCTACTGCGTAGC-1,stroma_deserted
GCTGCTCTCCGGACAC-1,tumor
GCTGGCATATTCACCT-1,tumor
GCTGGCGGCGCATGCT-1,stroma_deserted
GCTGTATTACTGGCCC-1,stroma_deserted
GCTTAATGTAACTAAC-1,stroma_deserted
GCTTATGAAGCAGGAA-1,tumor
GCTTCCGTCCCTAGAC-1,stroma_deserted
GCTTGATGATAATCAG-1,stroma_deserted
GGAACCGTGTAAATTG-1,stroma_deserted
GGAATGCGCTAGCGTG-1,stroma_deserted
GGACCAACAGGATAAC-1,stroma_deserted
GGACCTCTAGGCCGCC-1,stroma_deserted
GGAGAAGTCATTGGCA-1,stroma_deserted
GGAGACGACACCTTTG-1,stroma_deserted
GGAGGGCTTGGTTGGC-1,stroma_deserted
GGAGTGCCGCCCTGGA-1,tumor
GGATACTCATGAATTG-1,Artifact
GGATCCGGAATATACT-1,stroma_deserted
GGATGAAGATCGCTGA-1,stroma_deserted
GGATGACGCGAGTTTA-1,tumor
GGATTCAGTACGGTGG-1,stroma_deserted
GGATTTCACTTCTATA-1,stroma_deserted
GGCAAAGGCGCCAATA-1,stroma_deserted
GGCAAATTACTTTACT-1,tumor
GGCAAGGCGAAATAGC-1,stroma_deserted
GGCAATAGTCAATGAG-1,tumor
GGCACTCCACTGGGCA-1,stroma_deserted
GGCATACAGGTAGCGG-1,tumor
GGCCCTCACCCACTTA-1,tumor
GGCCGAGACTCTGGTG-1,Artifact
GGCCGTTTGGGTTTCA-1,Artifact
GGCGAAATCTAACTTG-1,stroma_deserted
GGCGCAGGACATCTTC-1,tumor
GGCGCATGAATTGATG-1,tumor
GGCGCGTTCGAGTTTA-1,stroma_deserted
GGCGGAGTAATATTAG-1,tumor
GGCGGTAGGATCATTG-1,tumor
GGCGTCCTATCCGCTG-1,stroma_deserted
GGCTATTAAGTTGTAT-1,stroma_deserted
GGCTCCTCCACCTGTT-1,Artifact
GGCTCGTGCCACCAGC-1,stroma_deserted
GGCTCTGCTCCAACGC-1,stroma_deserted
GGCTGAAATAGCAAAG-1,tumor
GGCTTTCAATAAGGGT-1,stroma_deserted
GGGAACGGGAGGTTAG-1,tumor
GGGACCCGTATATCTT-1,stroma_deserted
GGGACTGCATAGATAG-1,tumor
GGGAGAACTCACAGTA-1,stroma_deserted
GGGAGGATGCCCGAAA-1,stroma_deserted
GGGAGTAATGGCTGGC-1,Artifact
GGGAGTTAATGAGGCG-1,stroma_deserted
GGGATGGTCGTAACCG-1,stroma_deserted
GGGATTTACCGCACCT-1,stroma_deserted
GGGCAGAGCAATCGTT-1,stroma_deserted
GGGCCCGTCTTAAACA-1,stroma_deserted
GGGCCGGCCGAAGTAC-1,tumor
GGGCGATATGTGTGAA-1,tumor
GGGCGGCAAATGAATT-1,tumor
GGGCGGGTTCCCTACG-1,stroma_deserted
GGGCGTACATTTATAT-1,stroma_deserted
GGGCGTCACCACGTAA-1,tumor
GGGCTATGATCGATGG-1,stroma_deserted
GGGCTGCCTAGGGCGA-1,tumor
GGGCTGGTTAGTCGCG-1,tumor
GGGTACTTCATGAACT-1,tumor
GGGTATGTATGCACTT-1,stroma_deserted
GGGTCACCGTGACGGT-1,stroma_deserted
GGGTGACACCTTAACT-1,stroma_deserted
GGGTTAACATTTGAGT-1,acinar_reactive
GGTAACCGGGAGGATA-1,tumor
GGTAACTATGTATCTG-1,stroma_deserted
GGTACAAACATGCTAT-1,stroma_deserted
GGTAGAAGACCGCCTG-1,stroma_deserted
GGTAGACCGTTGGGCG-1,acinar_reactive
GGTAGTGCTCGCACCA-1,stroma_deserted
GGTATTGCCGAGTTTA-1,stroma_deserted
GGTCAGTGGGTCCCAC-1,stroma_deserted
GGTCGGCCAGGAGCTT-1,stroma_deserted
GGTCGGTAATTAGACA-1,Artifact
GGTCGGTCGTCCACAG-1,stroma_deserted
GGTCTCTGAATGGACT-1,stroma_deserted
GGTCTGAGAATCTGGA-1,stroma_deserted
GGTGAAGTACAGGGAT-1,stroma_deserted
GGTGAGATGCAGATAA-1,stroma_deserted
GGTGATAAGGAGCAGT-1,stroma_deserted
GGTGCGGATAAGTGGC-1,stroma_deserted
GGTGCTGATCACAAAG-1,tumor
GGTGCTGGTACACATT-1,stroma_deserted
GGTGGACTGCTCTGGC-1,tumor
GGTTACCACCCTCGGG-1,stroma_deserted
GGTTAGCTATATGTCT-1,stroma_deserted
GGTTAGGCTTGGAGAA-1,stroma_deserted
GGTTAGTTACGGCGCC-1,tumor
GGTTTACAATCTCAAT-1,Artifact
GGTTTGAGTGCTGGAA-1,stroma_deserted
GTAAGCGGGCAGTCAG-1,tumor
GTAAGTAACAGTCTGG-1,stroma_deserted
GTAAGTAGGGTATACC-1,stroma_deserted
GTAATCTGATTCTTCG-1,tumor
GTACACTTACCTGAAG-1,stroma_deserted
GTACAGAGGCAAGGGT-1,stroma_deserted
GTACGAGATTGCGACA-1,tumor
GTACGCTTCATTGCAC-1,stroma_deserted
GTACGTTTGCCCGTCA-1,stroma_deserted
GTACTAAGATTTGGAG-1,tumor
GTACTCCCTTATCGCT-1,tumor
GTACTGAGGTCGTAAC-1,stroma_deserted
GTACTGCATGAAGCGT-1,Artifact
GTACTGGAGTTAGACC-1,stroma_deserted
GTACTTGGGCACTTCT-1,stroma_deserted
GTAGACGTCGTTACAT-1,stroma_deserted
GTAGAGGGAGACAAGT-1,stroma_deserted
GTAGCCAAACATGGGA-1,stroma_deserted
GTAGCGGCTATACACT-1,stroma_deserted
GTAGTCGCGGGAATCA-1,stroma_deserted
GTATAGGACTCAGTAG-1,tumor
GTATCAAACGTTAGCT-1,stroma_deserted
GTATCAGCTTGGGTTC-1,stroma_deserted
GTATCTCAGTCTTGAC-1,tumor
GTATCTTTCATAACCA-1,stroma_deserted
GTATGTGGGTCTAGTT-1,stroma_deserted
GTATTAAGGCGTCTAA-1,stroma_deserted
GTATTCTGAGAAACGA-1,stroma_deserted
GTCAAGCGGACTCGGG-1,stroma_deserted
GTCACTCTCCAAATCT-1,tumor
GTCAGAATAGTCTATG-1,stroma_deserted
GTCATGCACCTCCGTT-1,tumor
GTCATGGACATGACTA-1,tumor
GTCATTAGAGCGAACG-1,stroma_deserted
GTCCCAACGTAAAGTA-1,stroma_deserted
GTCCGGACCTGAAATT-1,tumor
GTCCGGCTGAATTGCG-1,tumor
GTCCTACGAATAGTCT-1,tumor
GTCGCCGTTGTGTGTT-1,stroma_deserted
GTCGCGTAACCCGTTG-1,stroma_deserted
GTCGGATATCTCAGAC-1,stroma_deserted
GTCGGGAAGCAGAAAC-1,stroma_deserted
GTCGTACCATCTCGGG-1,stroma_deserted
GTCGTCAATTATAAGG-1,stroma_deserted
GTCGTTATTCGCTTAT-1,stroma_deserted
GTCTATCTGAGTTTCT-1,stroma_deserted
GTCTATTGGTTCCGGT-1,tumor
GTCTCAAGGCCCGGCT-1,Artifact
GTCTGGGCGGTCGAGA-1,stroma_deserted
GTGACCGCACACTACG-1,stroma_deserted
GTGACTTCAGTAGTGC-1,tumor
GTGAGCGTGCTGCACT-1,tumor
GTGAGGACACTTAAGG-1,stroma_deserted
GTGAGTGGTACAACGC-1,stroma_deserted
GTGATCATAGATCTGC-1,stroma_deserted
GTGATTCGCCGCTCAA-1,stroma_deserted
GTGCCATCACACGGTG-1,stroma_deserted
GTGCCCGTTCGGATTC-1,stroma_deserted
GTGCCGCTTCAAAGGT-1,tumor
GTGCGAAATCGAACAC-1,tumor
GTGCGGGTCTCCAAAT-1,tumor
GTGCGTGTATATGAGC-1,stroma_deserted
GTGCTCAAGTACTGTC-1,tumor
GTGGACCAACCCGATT-1,stroma_deserted
GTGGACGCATTTGTCC-1,stroma_deserted
GTGGACGTGCTGAGAC-1,stroma_deserted
GTGGAGTCGGCGGTTG-1,stroma_deserted
GTGGCGGTCCCAGCGT-1,tumor
GTGGGCTTAGACACAC-1,stroma_deserted
GTGGTATAGTCTGCCG-1,stroma_deserted
GTGGTGGCCAAGTGAA-1,stroma_deserted
GTGGTTTCCGCCTTTC-1,stroma_deserted
GTGTATATCAGCGGGC-1,tumor
GTGTCGTATAGCGTTC-1,tumor
GTGTGAATAACTTAGG-1,stroma_deserted
GTGTTACTATGCGTCC-1,stroma_deserted
GTTAAAGTAGGACTGG-1,stroma_deserted
GTTAACATCACTTAAA-1,stroma_deserted
GTTACAATTGGTGACG-1,tumor
GTTACCTACAACTTGC-1,stroma_deserted
GTTACTTTGGGCCTAG-1,tumor
GTTATATTATCTCCCT-1,stroma_deserted
GTTCACAGGAGTCTAG-1,stroma_deserted
GTTCCAGTCTGACCAT-1,stroma_deserted
GTTCGCCATAAGTGCC-1,stroma_deserted
GTTCGTCTAAAGAACT-1,tumor
GTTCTTCCCTCGATGT-1,stroma_deserted
GTTGAACCGGTTCCAT-1,stroma_deserted
GTTGAGTCCCGCCGGT-1,tumor
GTTGCACGGAGTTTCG-1,tumor
GTTGGATTGAGAACAC-1,Artifact
GTTGGATTTGCGTTGG-1,stroma_deserted
GTTGGTCATGCTATCC-1,stroma_deserted
GTTGTCGTGTTAGTTG-1,stroma_deserted
GTTTACGTTCCATCTG-1,stroma_deserted
GTTTCATATCGTCGCT-1,tumor
GTTTCCTGGAGGGTGA-1,stroma_deserted
GTTTCTGCAGTCTCCC-1,stroma_deserted
GTTTGACCAAATCCTA-1,tumor
GTTTGGCCCAAGTTAT-1,stroma_deserted
GTTTGGGCTTGTGAGC-1,stroma_deserted
GTTTGGTAGGGTCAAC-1,stroma_deserted
TAAACCCAGGAGGGCA-1,stroma_deserted
TAAAGAGCCCGAAACC-1,stroma_deserted
TAAATGAATCCGTTTC-1,tumor
TAACAAAGGGAGAAGC-1,stroma_deserted
TAACAATATTTGTTGC-1,tumor
TAACATACAATGTGGG-1,stroma_deserted
TAACATACACGCGATC-1,tumor
TAACCGCCCGCAGTGC-1,stroma_deserted
TAACGCTTTGAGAGCG-1,stroma_deserted
TAACTATCGAAGGTCC-1,stroma_deserted
TAACTCATCCGCGCGG-1,tumor
TAACTCCATGGAGGCT-1,Artifact
TAAGGAACTTGTGGGA-1,stroma_deserted
TAAGGCAACATAAGAT-1,stroma_deserted
TAAGGCATAACATCAA-1,stroma_deserted
TAAGTAACATCTTGAC-1,stroma_deserted
TAAGTCGCCGAGTATC-1,stroma_deserted
TAAGTTGCGACGTAGG-1,stroma_deserted
TAATAGAACAGAGTTA-1,stroma_deserted
TAATAGTGACGACCAG-1,Artifact
TAATATTGAAATTCGC-1,stroma_deserted
TACAACGCACAACTCA-1,stroma_deserted
TACAAGTCTCGTGCAT-1,tumor
TACATAGGCATACACC-1,tumor
TACATTTCTAACGTGC-1,stroma_deserted
TACCAAATAGCCCAGA-1,stroma_deserted
TACCAATAAAGTACCA-1,tumor
TACCAGAAGTAGGTTC-1,stroma_deserted
TACCGGCTCACTGCCC-1,stroma_deserted
TACCGGTCGTTTCCAT-1,stroma_deserted
TACCGTAGGTTAACTA-1,stroma_deserted
TACCGTGCCTCGGACC-1,stroma_deserted
TACCTACTCCCAGTAT-1,tumor
TACCTCAGTTGTCTGT-1,Artifact
TACCTGCTGCACTGTG-1,tumor
TACCTTAAGATTTCCC-1,stroma_deserted
TACGAACACGACTTCA-1,tumor
TACGACGCTTGCTGCG-1,stroma_deserted
TACGACTGCCTCTTAG-1,stroma_deserted
TACGAGAACTTCACGT-1,stroma_deserted
TACGATGTTGATCATC-1,tumor
TACGCAGTTCTTTCCT-1,stroma_deserted
TACGCCATATTCTAAT-1,stroma_deserted
TACGCCGAGGGTACCC-1,stroma_deserted
TACGCCTCCATTCCGA-1,stroma_deserted
TACGTGCACTATGCTG-1,stroma_deserted
TACGTTTACCGGCAAT-1,tumor
TACTATGGTTCCTCAG-1,stroma_deserted
TACTCTTTCGTCTTCA-1,stroma_deserted
TACTGAACAGATTTAG-1,stroma_deserted
TACTGGACAGCTCGGC-1,tumor
TACTTGTTAGTAGTCC-1,stroma_deserted
TAGAAAGGTGGCGCTA-1,stroma_deserted
TAGAGATCATGCAACT-1,stroma_deserted
TAGAGGTTCTACTTGT-1,stroma_deserted
TAGAGTCTAAGCGAAC-1,tumor
TAGATATGGACTGGAA-1,stroma_deserted
TAGCAACCTGTCACAA-1,stroma_deserted
TAGCCATTTCAAAGTC-1,stroma_deserted
TAGCCGGCGGTCAGCG-1,stroma_deserted
TAGCGTCCGGTGTGGT-1,tumor
TAGCGTTGGGTCTTAC-1,stroma_deserted
TAGCTAAGTCCGGGAG-1,tumor
TAGCTAGAAGGCATGA-1,stroma_deserted
TAGCTAGTGATGATGG-1,Artifact
TAGCTCGCCTGATAAC-1,stroma_deserted
TAGGGTGTTTCAAGAG-1,tumor
TAGGTCCAAGTAAGGA-1,tumor
TAGGTGAGCCCTACTC-1,stroma_deserted
TAGGTGCTCGCCTAGC-1,stroma_deserted
TAGGTGTTCCACAGAT-1,stroma_deserted
TAGGTTCGAGTTCGTC-1,stroma_deserted
TAGTAGCTTATACCAG-1,Artifact
TAGTCCGCAGAGAATG-1,stroma_deserted
TAGTCTAACAACGAGA-1,tumor
TAGTGCCCTCCAGAGT-1,tumor
TATAAATCCACAAGCT-1,stroma_deserted
TATAAGTGAGGATAGC-1,stroma_deserted
TATACACAGACGCCTT-1,stroma_deserted
TATACACGCAAAGTAT-1,stroma_deserted
TATACGCGTCATCACT-1,Artifact
TATAGGGTACTCATGA-1,tumor
TATATATCGAGAAATG-1,tumor
TATCCAATTGGTTATC-1,tumor
TATCCATATCATGCGA-1,tumor
TATCCGCACCGTCGGG-1,stroma_deserted
TATCGATGATTAAACG-1,tumor
TATCTACAGAGGTAAT-1,tumor
TATCTACCACAGCGGG-1,tumor
TATGAAGACAGGTGCG-1,tumor
TATGCTCCCTACTTAC-1,tumor
TATGGATGTGCTACGC-1,stroma_deserted
TATGGCCCGGCCTCGC-1,tumor
TATGGGACCGAGCAGG-1,stroma_deserted
TATGGGTACGTATCGT-1,tumor
TATGGTCTGAGTAACA-1,stroma_deserted
TATGTCTCATTGTGCC-1,stroma_deserted
TATTAACCTGACCGCG-1,stroma_deserted
TATTCAATTCTAATCC-1,stroma_deserted
TATTCCACTCAGCTCG-1,stroma_deserted
TATTCCGAGCTGTTAT-1,tumor
TATTCCTCCGCCCACT-1,stroma_deserted
TATTCGTGCCAGAATA-1,stroma_deserted
TATTTAGTCTAGATCG-1,tumor
TATTTGTTACCCTTTA-1,tumor
TCAAACAACCGCGTCG-1,tumor
TCAAACTTAGATTGTT-1,stroma_deserted
TCAAATTTGAGACTCA-1,Artifact
TCAACAAAGATAATTC-1,stroma_deserted
TCAACATAGCGCCCTA-1,stroma_deserted
TCAACCATGTTCGGGC-1,stroma_deserted
TCAACGAGGAGACAAA-1,tumor
TCAACGCAGGAAATAA-1,stroma_deserted
TCAACGCGACCGGCAG-1,tumor
TCACAGCAAACTCGAA-1,stroma_deserted
TCACAGGAGAATAAGA-1,stroma_deserted
TCACAGGGAATCGCAA-1,stroma_deserted
TCACAGGTTATTGGGC-1,tumor
TCACATCTTATCTGAT-1,tumor
TCACCCTCTTAAGATT-1,tumor
TCACGATGTCCGTGGA-1,stroma_deserted
TCACGCATTGTAGATC-1,stroma_deserted
TCACGGTCATCGCACA-1,tumor
TCACGTGCCCGATTCA-1,tumor
TCAGACGCTATAGAAG-1,stroma_deserted
TCAGCAAATGCATCTC-1,stroma_deserted
TCAGCAGTAGGCCCTG-1,Artifact
TCAGGGTGTAACGTAA-1,stroma_deserted
TCAGGTTCTTTGAGAA-1,stroma_deserted
TCAGTACTGACCCGCG-1,stroma_deserted
TCAGTAGGGACTATAA-1,tumor
TCAGTGTATACGTCAT-1,stroma_deserted
TCATCACTCGAGCTCG-1,Artifact
TCATCGATGGTCCCAA-1,stroma_deserted
TCCAACTTTAAATTCT-1,stroma_deserted
TCCACAATGGTTTACG-1,stroma_deserted
TCCACTTTATCTAGGT-1,stroma_deserted
TCCAGAGCACCGGTTC-1,stroma_deserted
TCCAGGCGAGTACGGT-1,tumor
TCCCAAAGACGAAGGA-1,tumor
TCCCAGCTTTAGTCTG-1,stroma_deserted
TCCCAGGCTTAGCTAA-1,tumor
TCCCGCGTACTCCTGG-1,stroma_deserted
TCCCGGGTGTGCTGCT-1,tumor
TCCCGTGTGCAATTTG-1,stroma_deserted
TCCCTGGCTCGCTGGA-1,tumor
TCCGATGGTGCGACAT-1,stroma_deserted
TCCGATTACATTGCCG-1,tumor
TCCGCCTGTCTACAAG-1,tumor
TCCGCGGCAGCATCTG-1,stroma_deserted
TCCGCTGTCATCCCGG-1,stroma_deserted
TCCGCTTATCCCATTA-1,stroma_deserted
TCCGGTTCGTCCGGTC-1,stroma_deserted
TCCTAAATTGGGAAGC-1,tumor
TCCTACATCCACGGCC-1,stroma_deserted
TCCTAGCAAAGAAGCT-1,stroma_deserted
TCCTCGGGCTGGGCTT-1,stroma_deserted
TCCTCTACGAGATGGC-1,stroma_deserted
TCCTCTCCAGTTGTCC-1,tumor
TCCTGCGTTGATACTC-1,tumor
TCCTTACGACGGTCCG-1,stroma_deserted
TCCTTTAAATCCGCTT-1,Artifact
TCCTTTCTTACGCTTA-1,tumor
TCGAAATTTAGGACCA-1,stroma_deserted
TCGAATATCCCGCAGG-1,stroma_deserted
TCGAGACCAACACCGT-1,tumor
TCGAGCCAGGCAGGCC-1,stroma_deserted
TCGATAGGCTAGTCGC-1,stroma_deserted
TCGCAAAGATGCATTT-1,stroma_deserted
TCGCACCAGGAGGCAG-1,tumor
TCGCCGAAGTTGCGTC-1,stroma_deserted
TCGCGTCCAGAAGGTC-1,tumor
TCGCTCGATATATTCC-1,tumor
TCGCTGGGCGGATTGT-1,stroma_deserted
TCGCTGTGCGTAAATC-1,stroma_deserted
TCGGAATGCGCTCTGA-1,tumor
TCGGACGCCCAGCCCA-1,stroma_deserted
TCGGAGAGTATCGGGA-1,stroma_deserted
TCGGAGTACATGAGTA-1,stroma_deserted
TCGGGAGACAGCGTAC-1,stroma_deserted
TCGGGCCGTCGTGGTA-1,stroma_deserted
TCGGTCCCGACAATAG-1,tumor
TCGTAAGACGACATTG-1,Artifact
TCGTATTACCCATTGC-1,tumor
TCGTCAAGTACGCGCA-1,stroma_deserted
TCGTCACACTGTTAGC-1,tumor
TCGTCCGCTGGCGTCT-1,stroma_deserted
TCGTCTTAGGCGTTAA-1,tumor
TCGTGTACTATGGATG-1,stroma_deserted
TCGTGTCACGCTGACA-1,stroma_deserted
TCGTTAGGAGTCCCTA-1,stroma_deserted
TCGTTGCTATCCGGTC-1,stroma_deserted
TCTAATACTGCCTCAG-1,tumor
TCTACCGTCCACAAGC-1,tumor
TCTAGCAATCTCCGCC-1,stroma_deserted
TCTAGCATCTTCGATG-1,stroma_deserted
TCTAGCATGCCCAGAA-1,stroma_deserted
TCTAGTTATCAGAAGA-1,stroma_deserted
TCTATCATGCAGTTAC-1,stroma_deserted
TCTATCGGTCGCAACA-1,tumor
TCTATTACGCTGGCGA-1,Artifact
TCTCATGAGATAGGGT-1,tumor
TCTCCCTGGGCAGCGT-1,stroma_deserted
TCTCTAATAGCTGGTA-1,tumor
TCTGAACCGGTCGGCT-1,stroma_deserted
TCTGAACTCGTACCCG-1,stroma_deserted
TCTGAAGCACGTGGTC-1,tumor
TCTGATGTATTCTGTC-1,tumor
TCTGCCAGAAACTGCA-1,stroma_deserted
TCTGGGTAGCGCTCAT-1,tumor
TCTGTCATACAAGAGC-1,stroma_deserted
TCTGTGCCATCATAGT-1,stroma_deserted
TCTGTTACCCAGCATA-1,stroma_deserted
TCTTACAGAGGTACCG-1,stroma_deserted
TCTTACGGCATCCGAC-1,stroma_deserted
TCTTACTTATGCCTCT-1,stroma_deserted
TCTTCGAATAGACGTT-1,stroma_deserted
TCTTCGATACCAATAA-1,stroma_deserted
TCTTGATGCGTAGCGA-1,tumor
TCTTGGTAACACCAAA-1,
TGAAAGGACCTGACTC-1,tumor
TGACCCACGTTAGACA-1,stroma_deserted
TGACGAATATTTCCCT-1,tumor
TGACTATAATCCTTTC-1,stroma_deserted
TGAGAATGCTTTACCG-1,tumor
TGAGAGATTTACCACG-1,stroma_deserted
TGAGCCATACAGTCTC-1,stroma_deserted
TGAGCGGAAAGTGTTC-1,stroma_deserted
TGAGGAGTGCCAGCTT-1,stroma_deserted
TGAGTAAATTAGCGTA-1,stroma_deserted
TGAGTGCCTCTTAAAT-1,stroma_deserted
TGAGTGGTCCGTGACG-1,Artifact
TGATACATTTAGCCGT-1,stroma_deserted
TGATCAGGGAACTGCT-1,tumor
TGATCGGTTTGACCCT-1,tumor
TGATCTCCGGCGCCAG-1,tumor
TGATTCGTCTATCACT-1,stroma_deserted
TGATTCTGTCGCCGGT-1,stroma_deserted
TGATTTATTAGCTGTG-1,tumor
TGATTTCCTCCTGACG-1,stroma_deserted
TGCAAGAATGACGTAA-1,tumor
TGCAGAACTATATCGT-1,tumor
TGCAGAGTACCGAGCA-1,tumor
TGCAGTTTCCTCCCAT-1,stroma_deserted
TGCATATGTCTGTCAC-1,tumor
TGCATGTGGTAATCTA-1,Artifact
TGCCAATGGGTACTCT-1,acinar_reactive
TGCCAGTACGTGGAGA-1,stroma_deserted
TGCCCGTACCGTTAAA-1,stroma_deserted
TGCCGGATGTACGAGC-1,Artifact
TGCCGTGGATCGTCCT-1,stroma_deserted
TGCCTTGGCCAGGCAA-1,tumor
TGCGACACCCTAGTGC-1,tumor
TGCGACGGCCGAACGT-1,Artifact
TGCGAGAATATTACCC-1,stroma_deserted
TGCGCAAAGCATTTGG-1,stroma_deserted
TGCGCGATTAACGGAG-1,stroma_deserted
TGCGTAAGAACCTGAT-1,stroma_deserted
TGCGTTTGTTGACACT-1,stroma_deserted
TGCTAAGTGTCTATTT-1,tumor
TGCTCCACAGTTCTTA-1,Artifact
TGCTCGGCGAAACCCA-1,stroma_deserted
TGCTGGTTGGACAATT-1,stroma_deserted
TGCTGTTGAAGAACTC-1,stroma_deserted
TGCTTAGAGAGAATGC-1,Artifact
TGGAAGAAGGGAACGT-1,tumor
TGGAAGACGAACACCA-1,stroma_deserted
TGGAATTAGACGCTTT-1,tumor
TGGACTGTTCGCTCAA-1,stroma_deserted
TGGAGTGATGCGATGA-1,stroma_deserted
TGGCAAACTAAATTAC-1,stroma_deserted
TGGCAGATTACGATCA-1,tumor
TGGCAGCAGTAATAGT-1,tumor
TGGCCAAACTGAAGTA-1,stroma_deserted
TGGCCGTATATTGACC-1,stroma_deserted
TGGCGACTGCTCCAAA-1,stroma_deserted
TGGCGATCAAGTTATG-1,stroma_deserted
TGGCTTTGGGTAGACA-1,tumor
TGGGAAATGCCTTTCC-1,stroma_deserted
TGGGCCCATACTAATT-1,stroma_deserted
TGGGTAAGGTTCCCGC-1,
TGGTCCCACGCTACGG-1,stroma_deserted
TGGTCTGTTGGGCGTA-1,tumor
TGGTTCAACGGGTAAT-1,stroma_deserted
TGGTTCGTAGCAAAGG-1,tumor
TGTACGAACAAATCCG-1,stroma_deserted
TGTAGGAGAAATTTCC-1,stroma_deserted
TGTAGTGATCTATAAT-1,tumor
TGTATAACAGATCCTG-1,stroma_deserted
TGTATGGCGCAGACAG-1,stroma_deserted
TGTCCGTGGCGCCTTT-1,tumor
TGTCCTAAGTCACCGC-1,tumor
TGTGAGACTAGCCCAA-1,stroma_deserted
TGTGCCGGTGCCGGAA-1,stroma_deserted
TGTGTCGCGAGTTGCA-1,stroma_deserted
TGTGTTCGTATCCAAG-1,tumor
TGTTATTGTATGTGGC-1,stroma_deserted
TGTTCCGCTTCCATGA-1,tumor
TGTTCGTATTGCGGTG-1,stroma_deserted
TGTTCTTCCATTGACT-1,stroma_deserted
TGTTTCGGTACTTCTC-1,tumor
TTAACACCTCGAACAT-1,Artifact
TTAACCAACCCTCCCT-1,tumor
TTAACTTCAGGTAGGA-1,stroma_deserted
TTAAGCGCCTGACCCA-1,stroma_deserted
TTAAGGCCCGTACTTT-1,tumor
TTAATGTAGACCAGGT-1,tumor
TTACAACTACGCATCC-1,tumor
TTACATCGTGGCCTGG-1,stroma_deserted
TTACCATTGATTACCC-1,tumor
TTACCCTAACAGTCCT-1,stroma_deserted
TTACCCTAGGGATTGG-1,stroma_deserted
TTACTAAAGGACTTTA-1,stroma_deserted
TTACTCCGGCCGGGAA-1,stroma_deserted
TTACTCTGGTACGTAC-1,stroma_deserted
TTACTGGGATATTTCA-1,tumor
TTAGAAGAACATGACT-1,stroma_deserted
TTAGAATAAGGGTCGG-1,Artifact
TTAGACGAGTCACCTC-1,stroma_deserted
TTAGAGTTTAGAAGGA-1,stroma_deserted
TTAGCAACATGGATGT-1,stroma_deserted
TTAGGTCATAACCGAC-1,stroma_deserted
TTAGTAGGGCGGCGGG-1,tumor
TTAGTTATTCGTGGCA-1,stroma_deserted
TTATATACGCTGTCAC-1,stroma_deserted
TTATATTTGGCAATCC-1,stroma_deserted
TTATCCGGGATCTATA-1,tumor
TTATCGCCTGCGAAGC-1,tumor
TTATCTGTATCATAAC-1,tumor
TTATGAATGAAAGGGA-1,stroma_deserted
TTATGACAAACTGGAT-1,stroma_deserted
TTATGATCTTAACGAA-1,stroma_deserted
TTATGTTTGCGATAGA-1,tumor
TTATTAGAGCGTGTTC-1,stroma_deserted
TTCAAAGTCTCTAGCC-1,stroma_deserted
TTCAACGACCCGACCG-1,tumor
TTCAATACTCTGAATC-1,stroma_deserted
TTCACGAAAGGATCAC-1,stroma_deserted
TTCACTCGAGCACCTA-1,stroma_deserted
TTCAGCCCTGGTCCAC-1,stroma_deserted
TTCAGCTGGCGTGCCC-1,stroma_deserted
TTCCAATCTGGCTATC-1,tumor
TTCCACACAGATTTGA-1,stroma_deserted
TTCCGCGTGAGGCGAT-1,stroma_deserted
TTCCGGCCTTGAGGCT-1,stroma_deserted
TTCCGGTTACCCACTT-1,stroma_deserted
TTCCTCGAGGGTGTCT-1,tumor
TTCCTCGGACTAACCA-1,tumor
TTCGACAGAGCCCGTG-1,stroma_deserted
TTCGACGGGAAGGGCG-1,stroma_deserted
TTCGCACTCGCGTGCT-1,tumor
TTCGCGCGCCATACGA-1,Artifact
TTCGGGACTAATCGCG-1,stroma_deserted
TTCGGGCGCTAGTCTT-1,stroma_deserted
TTCGTACTCCAGAACG-1,tumor
TTCTACTTGCGAGGGC-1,stroma_deserted
TTCTAGAAAGTCTTAT-1,Artifact
TTCTAGGCCAATTGTG-1,stroma_deserted
TTCTGACCGGGCTCAA-1,tumor
TTCTGCCGCGCCTAGA-1,stroma_deserted
TTCTGCGGGTTAGCGG-1,stroma_deserted
TTCTTAGTGAACGGTG-1,stroma_deserted
TTCTTGAGCCGCGCTA-1,stroma_deserted
TTCTTGGACGATCTGC-1,stroma_deserted
TTCTTGTAACCTAATG-1,stroma_deserted
TTGAAGAATTCCCAGG-1,tumor
TTGAATATGGACTTTC-1,stroma_deserted
TTGACATGAACGTGGA-1,stroma_deserted
TTGACCGTGTTAATGA-1,stroma_deserted
TTGACTACCATATGGT-1,stroma_deserted
TTGAGAAGTTTAGCAT-1,tumor
TTGAGAGTACTGCTAA-1,stroma_deserted
TTGATCTAACTTTGTC-1,tumor
TTGATTAGCTGTTTCT-1,stroma_deserted
TTGATTATGCAGATGA-1,stroma_deserted
TTGCACAATTCAGAAA-1,tumor
TTGCACGGAGCAGCAC-1,tumor
TTGCATGCTGATCACG-1,tumor
TTGCCATAGCCCGCTC-1,tumor
TTGCCCTGATCACGGG-1,tumor
TTGCGGCATCAGAAAG-1,tumor
TTGCGTAGTTTGAGGA-1,tumor
TTGCGTCGGCCAACCG-1,tumor
TTGCTGAAGGAACCAC-1,tumor
TTGCTGATCATGTTCG-1,stroma_deserted
TTGGAAGAATACAGTC-1,Artifact
TTGGACATGTGGCTTA-1,tumor
TTGGACCTATAACAGT-1,tumor
TTGGATATCGTCTACG-1,stroma_deserted
TTGGCTCGCATGAGAC-1,stroma_deserted
TTGGGACACTGCCCGC-1,tumor
TTGGGCGGCGGTTGCC-1,stroma_deserted
TTGGTCACACTCGTAA-1,tumor
TTGTAAGGACCTAAGT-1,stroma_deserted
TTGTAATCCGTACTCG-1,stroma_deserted
TTGTCGTTCAGTTACC-1,tumor
TTGTGAACCTAATCCG-1,stroma_deserted
TTGTGGTAGGAGGGAT-1,stroma_deserted
TTGTGTATGCCACCAA-1,stroma_deserted
TTGTGTTTCCCGAAAG-1,stroma_deserted
TTGTTAGCAAATTCGA-1,stroma_deserted
TTGTTCAGTGTGCTAC-1,stroma_deserted
TTGTTGTGTGTCAAGA-1,stroma_deserted
TTGTTTCACATCCAGG-1,stroma_deserted
TTGTTTCATTAGTCTA-1,Artifact
TTGTTTCCATACAACT-1,stroma_deserted
TTGTTTGTGTAAATTC-1,stroma_deserted
